num_co,date_ouver_c,solde_c,frais_c,etat_c,type_c,rib_cc,decouvert_max_cc,taux_int_ce,id_dev,id_pret,id_cl
601,2000-08-17 11:41:46,201.762,77.475,Activé,Devise,,,,124,,346
602,2001-08-16 10:29:23,5649.311,70.77,Bloqué,Devise,,,,978,,66
603,2003-09-25 12:46:48,9304.611,20.459,Bloqué,Devise,,,,788,,290
604,2003-01-21 12:20:56,9891.217,86.439,Activé,Devise,,,,840,,88
605,2002-10-19 04:42:41,9438.744,55.8,Bloqué,Devise,,,,788,,262
606,2000-11-19 16:23:42,9229.896,34.02,Bloqué,Devise,,,,978,,509
607,2001-11-15 19:03:47,2906.344,2.319,Bloqué,Devise,,,,840,,233
608,2005-03-31 19:12:25,2494.169,46.89,Activé,Devise,,,,788,,378
609,2003-05-16 17:32:24,534.728,45.152,Bloqué,Devise,,,,124,,62
610,2006-03-31 23:20:34,1274.526,1.391,Bloqué,Devise,,,,124,,406
611,2000-06-04 14:15:04,7796.215,98.016,Activé,Devise,,,,840,,505
612,2006-03-01 09:12:57,8737.877,61.42,Activé,Devise,,,,840,,346
613,2001-10-23 10:02:56,3584.441,34.932,Activé,Devise,,,,124,,49
614,2002-11-07 07:17:50,1827.534,46.723,Activé,Devise,,,,978,,462
615,2000-11-23 16:40:05,2533.019,14.991,Bloqué,Devise,,,,840,,469
616,2002-09-19 09:45:13,9471.488,5.9,Bloqué,Devise,,,,978,,254
617,2002-08-18 16:15:12,4953.743,92.656,Activé,Devise,,,,840,,324
618,2001-11-23 08:02:54,3513.947,82.322,Activé,Devise,,,,788,,148
619,2004-05-16 15:01:12,5858.126,47.436,Activé,Devise,,,,788,,356
620,2004-04-22 05:58:53,9874.672,93.005,Bloqué,Devise,,,,840,,68
621,2002-07-22 17:04:49,26.94,7.96,Bloqué,Devise,,,,840,,201
622,2004-05-19 01:12:19,7724.798,46.217,Activé,Devise,,,,124,,279
623,2001-01-05 21:09:43,47.07,32.123,Activé,Devise,,,,788,,47
624,2002-06-17 05:06:20,6486.36,83.974,Bloqué,Devise,,,,978,,525
625,2002-06-27 18:17:14,7533.415,80.29,Activé,Devise,,,,124,,418
626,2000-11-07 05:42:39,2353.386,78.976,Activé,Devise,,,,978,,257
627,2001-01-19 18:06:19,422.239,75.731,Bloqué,Devise,,,,788,,206
628,2003-09-24 10:40:26,5852.919,14.503,Activé,Devise,,,,124,,245
629,2002-07-22 04:49:56,8639.219,45.35,Bloqué,Devise,,,,788,,236
630,2003-02-19 01:23:52,2143.466,91.855,Bloqué,Devise,,,,124,,207
631,2001-01-28 16:48:17,5653.803,95.11,Bloqué,Devise,,,,124,,223
632,2003-05-26 02:14:56,2489.941,62.002,Bloqué,Devise,,,,840,,323
633,2001-01-06 14:03:25,7445.57,45.629,Bloqué,Devise,,,,124,,147
634,2000-10-09 21:27:03,1382.072,42.916,Activé,Devise,,,,840,,426
635,2002-05-22 20:54:01,6516.196,1.445,Activé,Devise,,,,788,,512
636,2002-08-24 11:17:33,147.78,13.468,Bloqué,Devise,,,,124,,190
637,2003-04-12 11:37:37,7960.643,16.949,Activé,Devise,,,,840,,390
638,2003-06-23 09:13:29,5302.876,54.366,Bloqué,Devise,,,,788,,92
639,2002-09-15 11:02:01,6261.098,36.524,Activé,Devise,,,,978,,363
640,2002-02-27 21:25:17,9976.448,99.988,Bloqué,Devise,,,,788,,270
641,2004-03-24 10:11:29,4732.557,21.903,Bloqué,Devise,,,,840,,20
642,2005-11-18 19:40:01,1598.356,21.525,Activé,Devise,,,,124,,301
643,2002-05-31 17:00:49,5186.037,40.92,Activé,Devise,,,,124,,323
644,2005-07-30 05:14:34,9265.52,40.31,Bloqué,Devise,,,,788,,117
645,2002-04-06 18:52:40,427.763,5.13,Bloqué,Devise,,,,840,,365
646,2005-10-31 05:35:06,5263.527,46.387,Activé,Devise,,,,840,,424
647,2002-03-22 10:58:09,8591.118,4.859,Bloqué,Devise,,,,840,,399
648,2006-04-02 13:01:06,8014.847,95.853,Bloqué,Devise,,,,978,,3
649,2000-12-25 04:47:03,3089.353,22.294,Bloqué,Devise,,,,124,,489
650,2006-02-13 16:16:12,8420.934,54.578,Bloqué,Devise,,,,978,,301
651,2002-04-12 20:16:11,3012.987,32.664,Bloqué,Devise,,,,788,,475
652,2003-07-25 00:28:02,7607.318,64.01,Activé,Devise,,,,124,,358
653,2005-09-09 18:29:32,6436.24,34.453,Bloqué,Devise,,,,978,,143
654,2001-09-20 07:45:58,3739.312,25.715,Bloqué,Devise,,,,788,,246
655,2006-01-17 00:29:38,3729.936,23.858,Bloqué,Devise,,,,978,,369
656,2005-10-10 10:45:36,8243.951,37.542,Bloqué,Devise,,,,124,,197
657,2003-07-05 17:25:28,5350.07,7.958,Bloqué,Devise,,,,124,,325
658,2002-03-08 17:08:18,8033.993,69.351,Activé,Devise,,,,124,,497
659,2004-09-30 03:56:04,6116.079,16.192,Activé,Devise,,,,788,,158
660,2002-02-20 07:11:35,5765.188,31.306,Activé,Devise,,,,840,,51
661,2004-12-09 00:04:47,6746.071,40.591,Activé,Devise,,,,788,,83
662,2004-02-06 20:36:14,7681.921,73.041,Activé,Devise,,,,788,,440
663,2002-03-17 14:15:08,6827.275,68.122,Activé,Devise,,,,788,,274
664,2002-12-08 14:27:22,3459.377,97.674,Bloqué,Devise,,,,788,,313
665,2003-05-01 17:21:50,4576.233,96.017,Activé,Devise,,,,788,,306
666,2004-05-28 11:53:55,8698.356,16.163,Activé,Devise,,,,124,,269
667,2002-01-18 12:21:31,1587.183,83.752,Bloqué,Devise,,,,788,,345
668,2001-01-15 10:15:26,228.595,33.794,Bloqué,Devise,,,,840,,18
669,2002-10-18 07:17:25,6896.032,12.66,Activé,Devise,,,,840,,233
670,2001-02-27 05:40:57,6112.916,3.51,Bloqué,Devise,,,,840,,452
671,2004-10-10 17:06:32,3644.103,69.536,Activé,Devise,,,,978,,72
672,2000-12-04 18:22:21,7697.297,67.072,Bloqué,Devise,,,,124,,436
673,2003-04-09 20:15:15,198.863,43.788,Bloqué,Devise,,,,788,,304
674,2001-02-01 17:07:11,2729.658,93.698,Activé,Devise,,,,124,,232
675,2003-10-04 09:01:46,5928.907,37.356,Activé,Devise,,,,978,,268
676,2004-02-05 02:24:47,315.214,22.671,Activé,Devise,,,,840,,135
677,2000-09-24 23:59:30,9895.867,52.014,Bloqué,Devise,,,,840,,381
678,2001-10-27 14:55:39,4639.409,55.788,Bloqué,Devise,,,,978,,137
679,2000-08-13 11:57:27,2694.011,34.95,Bloqué,Devise,,,,978,,404
680,2001-08-25 12:15:45,3812.053,88.193,Activé,Devise,,,,124,,155
681,2004-10-07 02:53:12,3100.358,24.968,Bloqué,Devise,,,,978,,131
682,2006-01-28 02:26:31,3607.118,2.784,Activé,Devise,,,,124,,382
683,2004-07-19 16:54:15,8713.055,15.243,Bloqué,Devise,,,,978,,515
684,2002-06-08 13:02:57,7574.381,22.12,Bloqué,Devise,,,,788,,180
685,2003-04-20 20:26:38,5673.548,26.934,Activé,Devise,,,,788,,476
686,2002-07-08 21:52:17,4457.115,21.808,Bloqué,Devise,,,,840,,16
687,2001-01-29 18:23:14,8692.891,67.833,Bloqué,Devise,,,,788,,401
688,2005-11-02 23:11:46,450.124,48.989,Activé,Devise,,,,840,,473
689,2001-11-26 02:00:50,8888.504,88.578,Activé,Devise,,,,840,,348
690,2002-09-11 05:45:51,1644.951,82.702,Bloqué,Devise,,,,978,,74
691,2003-11-03 05:47:24,3941.12,80.155,Activé,Devise,,,,978,,434
692,2003-11-14 11:25:47,9201.541,95.225,Activé,Devise,,,,788,,72
693,2003-02-24 21:22:47,3330.403,8.382,Bloqué,Devise,,,,978,,12
694,2004-09-10 16:06:35,6278.807,79.221,Bloqué,Devise,,,,978,,342
695,2003-03-18 22:13:42,9863.731,36.561,Activé,Devise,,,,788,,491
696,2004-09-17 05:11:04,6666.905,5.542,Bloqué,Devise,,,,124,,493
697,2001-08-23 20:11:50,2191.961,77.473,Bloqué,Devise,,,,788,,64
698,2006-02-10 07:12:19,8813.18,97.991,Activé,Devise,,,,978,,489
699,2000-09-25 12:48:19,4779.192,8.024,Activé,Devise,,,,124,,103
700,2001-06-03 23:13:49,5084.218,38.438,Activé,Devise,,,,788,,139
701,2003-11-15 09:08:27,6616.536,8.001,Activé,Devise,,,,978,,20
702,2005-09-25 10:55:32,7978.268,43.34,Bloqué,Devise,,,,978,,316
703,2001-06-04 15:52:35,9735.556,7.698,Bloqué,Devise,,,,124,,9
704,2001-10-15 18:55:52,5814.783,33.039,Activé,Devise,,,,124,,344
705,2002-01-23 12:43:17,8521.323,98.776,Activé,Devise,,,,840,,42
706,2003-09-06 14:47:57,3035.727,75.176,Bloqué,Devise,,,,978,,303
707,2004-11-14 04:11:32,1709.081,18.72,Bloqué,Devise,,,,124,,518
708,2000-09-21 01:00:49,4101.358,7.449,Bloqué,Devise,,,,788,,267
709,2001-06-19 18:21:43,4949.351,79.548,Activé,Devise,,,,840,,272
710,2002-01-16 02:59:18,1486.756,98.814,Bloqué,Devise,,,,788,,202
711,2002-11-25 21:57:13,5106.975,24.709,Bloqué,Devise,,,,978,,63
712,2000-08-01 23:34:56,2516.455,41.253,Activé,Devise,,,,978,,510
713,2000-06-03 11:54:39,6305.05,53.104,Bloqué,Devise,,,,840,,277
714,2004-06-19 13:10:11,7466.153,68.148,Activé,Devise,,,,840,,132
715,2005-11-10 17:50:21,117.751,77.574,Activé,Devise,,,,978,,288
716,2002-02-19 05:13:39,7810.08,17.094,Activé,Devise,,,,840,,271
717,2006-04-13 16:32:41,8221.019,34.834,Bloqué,Devise,,,,124,,127
718,2003-08-15 10:13:56,7281.721,84.92,Activé,Devise,,,,124,,521
719,2004-10-19 12:23:54,7996.067,8.665,Activé,Devise,,,,788,,261
720,2000-05-25 23:20:29,7904.381,83.029,Bloqué,Devise,,,,978,,127
721,2005-01-02 16:07:49,4855.677,70.511,Bloqué,Devise,,,,840,,270
722,2000-06-02 07:57:50,7134.757,37.351,Activé,Devise,,,,840,,485
723,2000-05-30 03:09:43,1434.653,62.829,Bloqué,Devise,,,,124,,497
724,2003-06-08 22:22:45,955.493,1.04,Bloqué,Devise,,,,840,,237
725,2006-02-05 04:43:17,7955.813,28.737,Activé,Devise,,,,840,,500
726,2002-12-11 04:48:28,4267.405,94.533,Bloqué,Devise,,,,978,,114
727,2002-11-13 20:42:25,6810.222,81.36,Activé,Devise,,,,124,,211
728,2004-07-09 14:00:01,7139.504,44.919,Bloqué,Devise,,,,788,,392
729,2005-03-26 22:04:33,4094.022,10.749,Activé,Devise,,,,978,,427
730,2001-06-12 18:16:08,5892.22,51.299,Activé,Devise,,,,124,,179
731,2002-05-25 16:45:55,5136.543,94.667,Activé,Devise,,,,788,,119
732,2003-10-10 23:10:14,5601.501,86.438,Bloqué,Devise,,,,124,,460
733,2005-08-18 21:03:54,3254.311,96.537,Activé,Devise,,,,124,,443
734,2002-07-17 18:56:57,7497.391,7.778,Bloqué,Devise,,,,788,,320
735,2000-07-30 05:25:25,5154.641,63.473,Bloqué,Devise,,,,124,,288
736,2002-10-19 22:10:45,7205.327,38.915,Activé,Devise,,,,788,,349
737,2001-04-18 15:17:07,1431.951,88.545,Activé,Devise,,,,124,,347
738,2006-03-10 00:52:38,3029.756,50.847,Bloqué,Devise,,,,840,,280
739,2001-05-11 18:40:12,2842.454,19.542,Bloqué,Devise,,,,124,,406
740,2005-07-19 05:54:09,6042.23,43.359,Activé,Devise,,,,840,,448
741,2002-11-08 08:39:00,1582.644,53.337,Bloqué,Devise,,,,840,,282
742,2001-07-07 10:46:14,418.544,50.955,Bloqué,Devise,,,,978,,130
743,2001-07-02 03:54:53,5425.635,93.325,Activé,Devise,,,,124,,33
744,2002-06-04 03:24:44,4482.498,20.828,Activé,Devise,,,,788,,204
745,2001-09-05 03:15:31,1593.222,84.997,Activé,Devise,,,,124,,404
746,2004-10-11 08:43:35,9931.853,49.459,Activé,Devise,,,,124,,33
747,2003-01-15 06:12:21,4667.18,29.345,Activé,Devise,,,,840,,464
748,2003-05-06 15:22:52,2541.02,89.773,Bloqué,Devise,,,,788,,6
749,2003-03-16 14:24:30,7957.857,21.935,Bloqué,Devise,,,,978,,350
750,2002-10-01 18:07:31,9727.611,89.239,Bloqué,Devise,,,,124,,66
751,2005-05-12 20:21:01,290.786,56.224,Bloqué,Devise,,,,978,,318
752,2000-05-10 01:54:35,606.608,6.059,Activé,Devise,,,,124,,111
753,2004-09-17 22:41:19,8797.899,85.153,Activé,Devise,,,,840,,449
754,2003-02-09 01:04:18,9571.017,83.876,Activé,Devise,,,,788,,258
755,2006-04-26 03:29:26,3202.975,40.55,Activé,Devise,,,,978,,114
756,2001-09-08 08:19:10,2876.006,50.353,Activé,Devise,,,,124,,171
757,2006-03-21 09:57:30,7564.795,69.499,Bloqué,Devise,,,,124,,51
758,2005-04-03 17:24:54,6187.379,42.682,Activé,Devise,,,,124,,209
759,2006-04-07 08:06:01,2302.318,29.646,Activé,Devise,,,,124,,101
760,2002-08-22 03:34:22,332.871,54.207,Bloqué,Devise,,,,788,,467
761,2002-08-01 22:51:20,8372.739,12.602,Activé,Devise,,,,124,,354
762,2002-04-01 01:17:32,7184.982,54.133,Activé,Devise,,,,788,,458
763,2005-01-05 22:45:03,4515.513,71.363,Bloqué,Devise,,,,840,,210
764,2004-09-21 23:34:45,6618.498,93.942,Activé,Devise,,,,840,,139
765,2003-12-16 00:20:30,7364.619,4.613,Bloqué,Devise,,,,124,,56
766,2005-08-05 03:33:29,6541.251,65.866,Activé,Devise,,,,978,,120
767,2004-03-12 02:09:34,1186.008,9.363,Bloqué,Devise,,,,978,,333
768,2002-02-04 07:58:57,7958.301,5.395,Bloqué,Devise,,,,978,,425
769,2003-01-15 04:12:56,2142.514,79.593,Activé,Devise,,,,124,,260
770,2002-07-10 16:16:19,6397.972,5.2,Activé,Devise,,,,840,,115
771,2003-06-29 13:53:43,1801.415,39.846,Activé,Devise,,,,978,,428
772,2006-02-01 16:01:02,4284.111,12.399,Bloqué,Devise,,,,788,,141
773,2005-12-09 09:39:55,1919.037,2.147,Bloqué,Devise,,,,788,,393
774,2001-04-16 00:08:14,5278.967,29.089,Activé,Devise,,,,840,,509
775,2002-12-29 02:40:32,7019.744,53.612,Activé,Devise,,,,840,,449
776,2003-09-15 10:44:40,4589.361,72.237,Activé,Devise,,,,840,,332
777,2005-06-07 05:10:41,1620.518,30.159,Bloqué,Devise,,,,978,,261
778,2001-01-24 03:12:07,9930.678,52.916,Bloqué,Devise,,,,124,,525
779,2004-01-19 22:48:58,89.133,57.232,Bloqué,Devise,,,,788,,155
780,2002-01-08 19:14:45,3978.345,89.229,Activé,Devise,,,,124,,116
781,2000-10-27 19:55:59,233.458,84.354,Bloqué,Devise,,,,840,,276
782,2000-06-03 10:01:26,257.852,14.498,Bloqué,Devise,,,,840,,414
783,2002-09-11 01:25:01,1322.474,64.849,Activé,Devise,,,,840,,427
784,2005-02-11 10:13:57,3860.91,70.511,Activé,Devise,,,,978,,94
785,2002-01-27 10:19:33,9960.302,82.873,Bloqué,Devise,,,,788,,443
786,2005-12-19 04:32:32,1728.729,71.257,Activé,Devise,,,,124,,152
787,2005-11-17 19:32:57,5937.587,47.313,Activé,Devise,,,,840,,358
788,2001-01-20 05:15:56,1657.748,4.708,Bloqué,Devise,,,,978,,438
789,2001-01-12 05:26:34,7357.2,97.727,Activé,Devise,,,,788,,24
790,2004-03-27 15:56:18,3227.306,3.47,Activé,Devise,,,,840,,436
791,2003-09-28 20:44:29,4095.105,74.244,Activé,Devise,,,,978,,378
792,2003-03-16 00:28:58,7635.158,1.457,Activé,Devise,,,,840,,358
793,2003-09-10 07:35:18,1409.969,89.901,Activé,Devise,,,,124,,508
794,2004-07-08 01:12:54,7608.075,41.496,Bloqué,Devise,,,,788,,27
795,2002-12-27 03:20:39,4026.282,54.807,Activé,Devise,,,,840,,77
796,2004-08-15 06:52:36,787.496,58.082,Activé,Devise,,,,124,,403
797,2003-02-20 12:06:33,2367.322,27.704,Bloqué,Devise,,,,978,,232
798,2002-03-26 08:28:56,2510.253,70.388,Activé,Devise,,,,840,,195
799,2001-06-01 09:53:18,7940.449,50.239,Activé,Devise,,,,978,,463
800,2002-09-02 22:00:11,9464.543,9.119,Activé,Devise,,,,978,,73
401,2004-07-10 13:43:32,30350.513,27.889,Activé,Epargne,,,0.628,,,317
402,2000-11-03 21:00:38,36901.302,58.314,Activé,Epargne,,,0.898,,,463
403,2004-01-20 06:50:11,3349.798,8.967,Activé,Epargne,,,0.599,,,326
404,2001-11-07 01:54:17,47129.233,13.679,Activé,Epargne,,,0.684,,,280
405,2000-11-12 12:02:39,25089.166,91.238,Activé,Epargne,,,0.279,,,433
406,2002-07-02 05:04:38,47700.748,43.126,Bloqué,Epargne,,,0.665,,,475
407,2003-07-30 02:12:29,220.133,74.35,Activé,Epargne,,,0.208,,,162
408,2005-04-25 07:50:17,20128.588,67.885,Activé,Epargne,,,0.286,,,192
409,2004-05-05 23:06:58,9593.293,17.932,Bloqué,Epargne,,,0.979,,,245
410,2005-06-19 20:15:06,36816.801,73.442,Bloqué,Epargne,,,0.992,,,253
411,2001-10-08 12:56:31,47360.454,19.097,Activé,Epargne,,,0.677,,,325
412,2002-10-27 05:17:13,11812.673,48.451,Bloqué,Epargne,,,0.555,,,291
413,2001-05-07 17:16:42,28720.296,30.264,Activé,Epargne,,,0.171,,,195
414,2002-11-14 02:29:49,22539.877,29.129,Bloqué,Epargne,,,0.906,,,476
415,2002-12-23 15:32:11,20427.874,71.185,Activé,Epargne,,,0.114,,,463
416,2004-07-05 21:18:06,23473.694,34.937,Activé,Epargne,,,0.357,,,227
417,2002-06-18 01:10:40,13708.478,93.478,Bloqué,Epargne,,,0.175,,,435
418,2004-02-05 05:21:44,49101.057,1.333,Bloqué,Epargne,,,0.613,,,170
419,2006-01-04 21:45:26,19738.212,27.027,Bloqué,Epargne,,,0.729,,,262
420,2002-01-13 14:13:45,21668.971,90.068,Bloqué,Epargne,,,0.264,,,64
421,2002-09-01 14:48:56,37843.873,16.963,Bloqué,Epargne,,,0.992,,,471
422,2004-01-28 11:34:18,31052.629,30.611,Bloqué,Epargne,,,0.76,,,270
423,2002-07-10 18:28:32,44705.417,93.186,Bloqué,Epargne,,,0.56,,,504
424,2003-02-18 13:50:10,40078.934,93.645,Activé,Epargne,,,0.475,,,239
425,2002-12-27 02:31:20,36978.377,96.088,Bloqué,Epargne,,,0.115,,,324
426,2003-10-12 06:14:43,2844.249,4.482,Bloqué,Epargne,,,0.996,,,512
427,2004-09-01 14:23:36,31618.839,10.524,Bloqué,Epargne,,,0.709,,,144
428,2005-02-01 10:34:10,30311.175,35.979,Activé,Epargne,,,0.403,,,165
429,2003-10-10 05:18:41,37476.444,35.92,Bloqué,Epargne,,,0.427,,,208
430,2005-10-26 23:30:58,19278.857,19.994,Activé,Epargne,,,0.748,,,226
431,2000-12-08 13:00:58,17153.633,81.099,Bloqué,Epargne,,,0.95,,,341
432,2004-08-26 07:56:53,12123.285,27.238,Activé,Epargne,,,0.702,,,170
433,2000-12-12 01:07:56,8954.843,23.617,Activé,Epargne,,,0.922,,,212
434,2003-10-18 00:00:52,33902.21,28.773,Activé,Epargne,,,0.877,,,222
435,2000-11-11 19:35:33,18835.128,45.824,Activé,Epargne,,,0.79,,,47
436,2005-03-20 12:48:27,11888.135,58.581,Bloqué,Epargne,,,0.937,,,94
437,2002-01-23 14:52:13,27491.356,26.439,Activé,Epargne,,,0.704,,,424
438,2003-07-16 11:23:12,5601.314,75.16,Bloqué,Epargne,,,0.85,,,181
439,2003-07-14 02:45:53,33107.457,1.622,Activé,Epargne,,,0.4,,,152
440,2004-07-18 19:00:30,30525.058,23.397,Bloqué,Epargne,,,0.482,,,524
441,2000-10-27 20:36:07,49359.462,96.589,Bloqué,Epargne,,,0.233,,,277
442,2002-09-20 20:45:42,2533.146,63.509,Activé,Epargne,,,0.11,,,466
443,2000-11-07 22:56:22,24138.306,89.52,Activé,Epargne,,,0.529,,,23
444,2001-12-27 02:12:18,49992.814,57.698,Activé,Epargne,,,0.19,,,66
445,2006-01-20 21:40:25,36708.96,7.474,Bloqué,Epargne,,,0.214,,,88
446,2005-12-30 04:53:53,17026.451,97.894,Activé,Epargne,,,0.407,,,470
447,2003-05-03 12:48:08,24890.845,2.171,Bloqué,Epargne,,,0.88,,,447
448,2002-06-20 14:14:51,7550.422,64.874,Activé,Epargne,,,0.48,,,154
449,2005-02-08 16:48:03,30658.466,35.729,Bloqué,Epargne,,,0.679,,,25
450,2002-02-17 06:58:37,49886.161,83.334,Activé,Epargne,,,0.338,,,429
451,2005-09-27 18:41:26,4425.545,93.89,Activé,Epargne,,,0.68,,,72
452,2001-12-02 21:11:20,44352.802,8.797,Activé,Epargne,,,0.396,,,346
453,2004-12-28 00:43:20,21617.346,75.453,Bloqué,Epargne,,,0.538,,,134
454,2000-07-01 05:49:09,32973.434,17.579,Activé,Epargne,,,0.89,,,136
455,2002-06-05 20:52:48,44816.891,42.477,Activé,Epargne,,,0.204,,,166
456,2003-10-21 16:40:31,25843.5,51.605,Bloqué,Epargne,,,0.573,,,47
457,2002-07-05 08:39:23,20264.472,78.652,Bloqué,Epargne,,,0.63,,,166
458,2006-01-04 18:07:12,24512.485,11.525,Activé,Epargne,,,0.189,,,282
459,2001-11-10 07:15:35,4925.778,63.576,Bloqué,Epargne,,,0.934,,,484
460,2001-06-05 09:43:37,48239.359,10.012,Activé,Epargne,,,0.513,,,356
461,2000-05-11 00:01:26,6059.44,48.045,Activé,Epargne,,,0.485,,,482
462,2005-11-07 22:32:02,29474.486,33.044,Activé,Epargne,,,0.613,,,60
463,2004-04-12 21:53:13,46118.922,64.498,Activé,Epargne,,,0.511,,,360
464,2003-12-02 10:07:03,28688.18,45.095,Activé,Epargne,,,0.59,,,69
465,2003-01-17 15:13:04,10444.608,8.472,Bloqué,Epargne,,,0.541,,,430
466,2002-04-16 16:56:58,44214.738,89.539,Bloqué,Epargne,,,0.931,,,137
467,2001-07-13 14:07:03,33798.956,17.435,Bloqué,Epargne,,,0.554,,,158
468,2005-11-29 06:38:31,12363.848,1.715,Bloqué,Epargne,,,0.837,,,521
469,2004-06-11 20:40:27,11144.444,40.857,Bloqué,Epargne,,,0.782,,,271
470,2003-02-05 17:03:25,10292.027,8.638,Activé,Epargne,,,0.919,,,345
471,2004-01-22 20:54:13,2619.642,46.974,Activé,Epargne,,,0.973,,,177
472,2001-10-03 05:43:57,36029.46,61.362,Bloqué,Epargne,,,0.7,,,200
473,2003-06-05 21:53:40,9416.591,27.073,Activé,Epargne,,,0.55,,,302
474,2001-08-18 08:14:17,10925.9,35.952,Bloqué,Epargne,,,0.232,,,316
475,2001-11-03 11:19:05,27348.546,11.835,Activé,Epargne,,,0.516,,,26
476,2005-03-08 12:03:16,46575.127,29.789,Activé,Epargne,,,0.957,,,504
477,2001-06-10 13:34:07,25530.57,98.489,Bloqué,Epargne,,,0.638,,,348
478,2005-09-05 22:01:21,16253.483,60.028,Activé,Epargne,,,0.122,,,219
479,2000-10-09 18:09:35,4837.299,80.371,Activé,Epargne,,,0.646,,,508
480,2004-08-29 06:08:33,7018.582,97.055,Activé,Epargne,,,0.245,,,521
481,2002-01-29 12:45:29,19707.205,49.584,Activé,Epargne,,,0.451,,,71
482,2005-09-29 13:29:01,44072.088,14.449,Activé,Epargne,,,0.935,,,351
483,2004-11-14 19:07:31,31636.542,71.657,Bloqué,Epargne,,,0.466,,,527
484,2002-08-06 11:02:13,13142.536,39.209,Activé,Epargne,,,0.524,,,150
485,2005-05-25 20:49:52,1891.46,8.944,Activé,Epargne,,,0.241,,,283
486,2001-07-07 22:13:53,19215.658,96.365,Bloqué,Epargne,,,0.192,,,97
487,2005-02-07 08:50:41,49197.097,55.166,Bloqué,Epargne,,,0.865,,,85
488,2003-07-19 06:15:39,42569.976,27.998,Bloqué,Epargne,,,0.765,,,214
489,2001-10-03 00:37:03,1525.254,28.39,Bloqué,Epargne,,,0.976,,,355
490,2001-08-12 20:47:21,43232.27,33.798,Bloqué,Epargne,,,0.604,,,197
491,2004-04-01 16:36:22,29384.694,55.558,Activé,Epargne,,,0.63,,,418
492,2001-09-12 00:10:28,2515.268,92.155,Activé,Epargne,,,0.116,,,433
493,2002-08-01 13:11:45,26672.596,80.768,Bloqué,Epargne,,,0.338,,,375
494,2004-11-26 16:09:52,17127.212,25.742,Activé,Epargne,,,0.5,,,126
495,2001-04-13 23:36:07,16199.007,61.279,Activé,Epargne,,,0.901,,,93
496,2004-11-16 03:55:36,41464.629,68.406,Activé,Epargne,,,0.718,,,386
497,2001-04-13 00:41:25,207.698,18.279,Activé,Epargne,,,0.807,,,512
498,2004-02-01 09:40:56,18845.521,14.599,Bloqué,Epargne,,,0.989,,,132
499,2004-12-14 07:37:12,38234.168,37.366,Activé,Epargne,,,0.603,,,16
500,2003-08-14 19:48:24,4037.705,95.565,Bloqué,Epargne,,,0.522,,,323
501,2000-12-13 13:23:50,32714.513,34.306,Bloqué,Epargne,,,0.843,,,220
502,2003-05-10 10:06:48,11017.666,10.623,Activé,Epargne,,,0.494,,,420
503,2004-05-31 11:06:46,43537.69,29.173,Bloqué,Epargne,,,0.514,,,210
504,2005-05-30 08:16:29,27885.771,23.819,Activé,Epargne,,,0.587,,,419
505,2000-09-19 06:59:18,14091.194,7.877,Bloqué,Epargne,,,0.237,,,201
506,2006-04-21 21:18:11,25920.243,4.904,Bloqué,Epargne,,,0.356,,,303
507,2004-03-31 07:15:28,11467.35,1.923,Activé,Epargne,,,0.513,,,45
508,2002-11-01 19:58:25,45100.791,67.798,Bloqué,Epargne,,,0.468,,,105
509,2003-11-16 20:51:40,33640.87,36.208,Activé,Epargne,,,0.344,,,183
510,2003-06-14 23:48:22,14580.083,35.583,Activé,Epargne,,,0.651,,,247
511,2005-05-21 20:08:22,9241.222,33.632,Bloqué,Epargne,,,0.249,,,110
512,2001-03-03 03:14:38,10578.381,95.022,Bloqué,Epargne,,,0.235,,,334
513,2004-01-28 15:58:28,34063.604,70.262,Bloqué,Epargne,,,0.754,,,331
514,2004-02-20 19:41:13,26059.062,37.836,Activé,Epargne,,,0.937,,,90
515,2006-05-02 02:18:48,37102.074,22.844,Bloqué,Epargne,,,0.639,,,156
516,2004-05-17 07:05:22,13021.403,94.119,Activé,Epargne,,,0.777,,,205
517,2006-03-14 22:00:49,24327.78,41.958,Activé,Epargne,,,0.191,,,477
518,2004-11-12 14:09:59,13216.929,8.894,Bloqué,Epargne,,,0.486,,,368
519,2002-07-19 12:38:40,43432.73,47.541,Activé,Epargne,,,0.609,,,410
520,2000-08-16 09:26:35,10802.918,11.724,Bloqué,Epargne,,,0.712,,,170
521,2002-08-31 15:05:23,1277.214,32.51,Bloqué,Epargne,,,0.443,,,310
522,2000-07-28 20:34:45,39108.885,15.317,Activé,Epargne,,,0.844,,,504
523,2003-09-09 19:31:29,22452.187,54.854,Activé,Epargne,,,0.785,,,452
524,2000-08-30 19:47:33,13801.052,43.866,Activé,Epargne,,,0.412,,,211
525,2000-09-10 06:12:20,43727.779,68.233,Activé,Epargne,,,0.567,,,403
526,2004-03-06 08:14:06,32546.576,87.4,Bloqué,Epargne,,,0.102,,,21
527,2001-02-28 02:02:19,49667.286,81.564,Bloqué,Epargne,,,0.436,,,237
528,2003-08-04 19:25:20,5136.017,85.245,Bloqué,Epargne,,,0.13,,,304
529,2000-06-03 13:01:06,7961.866,52.428,Bloqué,Epargne,,,0.195,,,439
530,2004-04-23 16:18:21,47113.458,24.601,Activé,Epargne,,,0.322,,,274
531,2001-08-12 19:26:15,22360.089,70.08,Activé,Epargne,,,0.634,,,149
532,2002-11-09 12:35:24,28077.164,91.399,Bloqué,Epargne,,,0.344,,,10
533,2003-01-03 05:13:09,21760.218,74.088,Activé,Epargne,,,0.746,,,90
534,2003-01-27 01:33:39,37795.259,10.45,Activé,Epargne,,,0.378,,,248
535,2000-06-29 06:35:13,30277.924,81.528,Activé,Epargne,,,0.354,,,7
536,2003-09-21 21:10:06,36001.684,70.673,Bloqué,Epargne,,,0.68,,,77
537,2003-10-22 13:29:46,7509.988,8.551,Activé,Epargne,,,0.518,,,109
538,2005-10-07 05:11:49,16415.31,6.569,Bloqué,Epargne,,,0.799,,,440
539,2001-12-05 22:40:37,44922.278,21.848,Activé,Epargne,,,0.189,,,447
540,2000-10-24 00:55:13,43374.25,59.865,Activé,Epargne,,,0.204,,,461
541,2004-11-01 17:54:47,48921.909,54.763,Bloqué,Epargne,,,0.255,,,351
542,2003-10-19 17:03:35,12225.625,17.127,Bloqué,Epargne,,,0.795,,,448
543,2003-08-17 17:21:17,34720.536,46.465,Activé,Epargne,,,0.46,,,450
544,2002-12-27 17:43:14,43960.974,23.88,Activé,Epargne,,,0.658,,,147
545,2005-06-02 11:39:59,45351.228,5.535,Bloqué,Epargne,,,0.597,,,63
546,2004-09-03 11:38:52,38342.941,90.142,Bloqué,Epargne,,,0.827,,,498
547,2002-07-14 09:58:42,3387.108,15.257,Activé,Epargne,,,0.552,,,271
548,2005-03-11 16:25:47,34203.457,27.958,Bloqué,Epargne,,,0.814,,,81
549,2005-04-21 19:02:09,18864.954,70.011,Activé,Epargne,,,0.507,,,103
550,2002-02-28 09:41:11,41259.56,78.476,Activé,Epargne,,,0.687,,,461
551,2000-09-15 17:07:05,19389.748,90.634,Activé,Epargne,,,0.291,,,47
552,2002-11-18 06:32:17,48620.053,80.399,Bloqué,Epargne,,,0.671,,,309
553,2005-01-22 19:55:39,27521.991,97.205,Bloqué,Epargne,,,0.371,,,202
554,2002-07-03 14:50:41,23937.689,43.843,Bloqué,Epargne,,,0.807,,,464
555,2003-09-22 08:28:33,10176.958,87.339,Activé,Epargne,,,0.459,,,162
556,2002-06-20 04:30:13,23116.587,81.506,Bloqué,Epargne,,,0.776,,,516
557,2000-08-02 15:23:51,39843.487,64.318,Activé,Epargne,,,0.677,,,45
558,2004-08-25 05:44:27,6429.349,93.586,Activé,Epargne,,,0.962,,,182
559,2005-10-17 21:25:21,46314.656,56.587,Bloqué,Epargne,,,0.739,,,12
560,2001-05-02 18:53:44,49958.164,29.051,Bloqué,Epargne,,,0.532,,,281
561,2005-03-12 08:15:52,38037.927,63.984,Bloqué,Epargne,,,0.584,,,331
562,2005-09-04 02:51:07,29717.892,2.449,Activé,Epargne,,,0.65,,,45
563,2001-04-06 17:52:30,6048.278,31.11,Bloqué,Epargne,,,0.578,,,19
564,2001-11-11 10:55:16,30251.192,9.945,Activé,Epargne,,,0.24,,,449
565,2001-03-22 18:33:11,44376.589,77.596,Bloqué,Epargne,,,0.892,,,126
566,2001-05-27 15:29:04,37274.241,12.451,Bloqué,Epargne,,,0.2,,,20
567,2006-02-22 16:49:28,49936.119,91.572,Bloqué,Epargne,,,0.652,,,77
568,2000-08-18 08:01:14,37953.811,2.316,Bloqué,Epargne,,,0.895,,,129
569,2003-06-21 23:30:32,44237.08,36.002,Activé,Epargne,,,0.706,,,241
570,2003-07-25 08:17:28,27670.149,76.582,Bloqué,Epargne,,,0.553,,,204
571,2000-09-11 02:48:23,2687.046,53.567,Bloqué,Epargne,,,0.917,,,194
572,2000-11-30 17:11:40,27896.78,75.292,Activé,Epargne,,,0.418,,,80
573,2003-07-29 06:57:49,3628.387,56.177,Bloqué,Epargne,,,0.399,,,422
574,2002-08-19 00:27:40,12047.007,75.616,Activé,Epargne,,,0.492,,,309
575,2002-12-26 17:25:19,1944.574,39.441,Activé,Epargne,,,0.78,,,296
576,2001-05-22 00:50:45,3598.394,33.876,Activé,Epargne,,,0.136,,,41
577,2005-06-23 23:15:34,49543.72,38.895,Activé,Epargne,,,0.942,,,75
578,2001-05-10 11:31:11,12879.229,24.404,Bloqué,Epargne,,,0.164,,,303
579,2000-06-16 19:15:35,42895.19,76.31,Bloqué,Epargne,,,0.864,,,258
580,2002-09-29 15:19:31,28240.064,50.832,Activé,Epargne,,,0.721,,,237
581,2002-11-03 09:49:57,11570.984,21.93,Activé,Epargne,,,0.934,,,148
582,2002-07-14 05:26:32,22707.342,82.732,Bloqué,Epargne,,,0.273,,,374
583,2002-01-18 18:03:02,43848.675,16.488,Activé,Epargne,,,0.201,,,131
584,2005-03-13 20:02:47,43705.706,30.612,Bloqué,Epargne,,,0.189,,,53
585,2006-02-12 00:05:31,31727.795,1.547,Bloqué,Epargne,,,0.975,,,291
586,2005-04-15 17:49:57,15661.53,67.56,Bloqué,Epargne,,,0.72,,,509
587,2004-10-14 04:12:29,13555.26,23.089,Bloqué,Epargne,,,0.139,,,445
588,2004-12-29 08:12:18,29641.752,19.358,Bloqué,Epargne,,,0.515,,,238
589,2005-03-29 18:56:59,12953.829,81.479,Activé,Epargne,,,0.622,,,432
590,2005-06-01 00:12:22,15250.704,57.179,Activé,Epargne,,,0.849,,,65
591,2002-03-07 00:41:32,48929.459,47.815,Bloqué,Epargne,,,0.7,,,43
592,2004-09-17 12:41:13,1605.545,46.166,Activé,Epargne,,,0.991,,,54
593,2005-10-21 03:31:20,42538.079,29.235,Activé,Epargne,,,0.594,,,517
594,2004-03-26 14:11:57,5560.883,73.385,Activé,Epargne,,,0.175,,,292
595,2003-01-29 01:15:47,25051.76,73.275,Activé,Epargne,,,0.537,,,152
596,2001-03-03 15:35:14,25441.848,53.967,Activé,Epargne,,,0.947,,,6
597,2004-02-12 03:26:23,21322.268,35.363,Activé,Epargne,,,0.353,,,222
598,2004-02-16 22:49:27,34048.583,93.068,Activé,Epargne,,,0.112,,,1
599,2005-09-20 20:35:19,47880.611,21.013,Bloqué,Epargne,,,0.956,,,487
600,2003-09-16 04:19:21,37056.077,38.161,Activé,Epargne,,,0.672,,,447
301,2000-05-30 12:37:51,216.619,86.159,Bloqué,Courant,5010127911691002,50000,,,13,430
302,2006-04-18 11:44:43,30.285,57.428,Bloqué,Courant,5002355585544013,5000,,,98,41
303,2003-12-01 22:33:42,556.63,68.502,Bloqué,Courant,5002358966610791,1000,,,,3
304,2004-08-28 23:32:23,343.7,94.424,Activé,Courant,5007666977550771,1000,,,19,6
305,2000-05-19 00:41:09,90.904,75.845,Activé,Courant,5010121515660190,50000,,,,400
306,2000-10-12 04:23:33,646.782,56.807,Activé,Courant,5007668238287904,10000,,,86,504
307,2002-03-25 05:07:21,438.872,89.58,Bloqué,Courant,5007663858751248,50000,,,,431
308,2002-02-17 04:54:53,507.028,82.495,Activé,Courant,5007660196318540,5000,,,73,258
309,2002-03-02 00:50:13,626.68,87.093,Bloqué,Courant,5007663490740666,50000,,,27,348
310,2003-01-02 02:11:16,588.532,55.165,Bloqué,Courant,5007666035452523,10000,,,95,448
311,2000-05-23 17:47:04,372.453,16.987,Activé,Courant,5007664521713854,10000,,,,399
312,2005-12-28 06:10:19,529.094,54.087,Bloqué,Courant,5002355840332634,50000,,,82,48
313,2003-12-27 11:33:12,401.863,12.558,Bloqué,Courant,5007666764783577,5000,,,39,458
314,2005-10-11 04:43:09,611.187,46.272,Bloqué,Courant,5002350098530252,10000,,,,100
315,2005-03-15 08:34:11,203.801,56.056,Activé,Courant,5010126150584167,5000,,,,218
316,2006-01-25 01:06:06,653.046,74.254,Bloqué,Courant,5002352630391680,50000,,,44,397
317,2004-07-12 11:56:22,356.109,1.305,Activé,Courant,5010126435149745,5000,,,14,25
318,2000-06-24 00:58:35,397.756,89.537,Activé,Courant,5010125735851406,50000,,,26,237
319,2001-09-25 03:33:09,783.235,54.844,Bloqué,Courant,5010128399389010,10000,,,,490
320,2000-12-18 10:34:20,318.424,45.53,Activé,Courant,5002351964831766,50000,,,,493
321,2004-04-20 05:34:55,736.444,27.141,Bloqué,Courant,5007661113916861,50000,,,,286
322,2004-11-05 23:17:37,407.89,71.183,Bloqué,Courant,5010128529301109,1000,,,81,203
323,2003-02-05 13:16:21,345.413,89.287,Activé,Courant,5007668472415773,50000,,,91,214
324,2005-10-01 02:10:37,488.543,81.721,Activé,Courant,5002358605180917,1000,,,,352
325,2001-09-09 07:31:35,740.602,67.185,Bloqué,Courant,5010123276120745,5000,,,67,233
326,2002-10-15 14:17:31,425.93,11.624,Bloqué,Courant,5002351364839021,1000,,,,390
327,2002-06-01 12:30:45,322.125,26.507,Activé,Courant,5010121923914098,5000,,,94,135
328,2003-09-05 09:01:38,96.251,90.228,Bloqué,Courant,5007668109756615,1000,,,52,104
329,2004-12-06 01:17:30,699.178,75.159,Bloqué,Courant,5002359702397552,1000,,,20,480
330,2000-10-11 04:21:59,557.722,18.07,Activé,Courant,5002359163848440,5000,,,28,341
331,2001-08-08 17:15:53,388.258,28.588,Activé,Courant,5007667470994185,1000,,,92,366
332,2000-08-12 22:07:00,514.749,48.013,Bloqué,Courant,5002350936482161,5000,,,78,288
333,2005-04-13 19:57:42,574.052,66.637,Activé,Courant,5010128810052734,50000,,,,522
334,2002-11-13 18:55:32,417.477,60.808,Activé,Courant,5007667280425586,10000,,,,109
335,2000-10-10 08:26:20,217.611,51.329,Bloqué,Courant,5010127708973829,10000,,,19,493
336,2005-10-09 12:03:46,281.114,26.9,Activé,Courant,5002359263813849,5000,,,17,111
337,2005-03-31 22:29:57,578.633,39.727,Activé,Courant,5010128248272557,10000,,,56,431
338,2006-03-16 18:31:32,286.051,26.247,Bloqué,Courant,5002350433118177,10000,,,,519
339,2002-01-03 14:54:43,389.892,26.874,Bloqué,Courant,5007667084283397,5000,,,72,168
340,2003-09-20 23:04:05,278.14,27.295,Activé,Courant,5002353206937294,50000,,,,227
341,2005-02-13 15:04:41,208.473,61.052,Bloqué,Courant,5010125029071133,1000,,,,241
342,2004-07-15 06:18:19,798.551,47.901,Bloqué,Courant,5010124856594564,5000,,,67,348
343,2004-11-01 03:40:01,434.515,84.751,Bloqué,Courant,5010125793280142,5000,,,65,144
344,2005-06-29 05:15:52,786.43,21.752,Activé,Courant,5007666907339287,5000,,,68,278
345,2005-08-24 06:12:12,220.441,53.225,Activé,Courant,5007665696940685,50000,,,51,369
346,2004-12-23 03:51:58,670.705,57.109,Activé,Courant,5010121399475822,10000,,,3,522
347,2004-06-01 20:27:18,734.793,98.306,Activé,Courant,5007667314358886,50000,,,63,384
348,2004-06-06 05:09:33,35.567,30.972,Activé,Courant,5010123221756403,50000,,,41,169
349,2002-11-01 04:57:23,354.682,73.709,Activé,Courant,5002359749823081,1000,,,,395
350,2002-09-13 03:08:58,278.578,71.914,Activé,Courant,5007665485682860,1000,,,,380
351,2001-06-12 00:04:07,514.348,71.742,Bloqué,Courant,5010120829954315,50000,,,,315
352,2000-10-28 09:21:02,450.878,56.339,Bloqué,Courant,5002355057349255,50000,,,,494
353,2000-12-28 14:57:40,682.538,46.702,Activé,Courant,5010124200436777,50000,,,,425
354,2003-12-01 22:48:45,386.162,7.698,Activé,Courant,5010123901742996,10000,,,,376
355,2005-02-10 12:59:30,703.211,9.785,Activé,Courant,5002359844002235,1000,,,45,303
356,2003-12-21 07:30:40,288.147,8.487,Activé,Courant,5010121824049978,50000,,,95,86
357,2000-10-01 18:15:41,160.294,53.23,Bloqué,Courant,5007665242321620,1000,,,,30
358,2002-09-22 12:30:46,317.052,53.277,Activé,Courant,5007666221593452,1000,,,,357
359,2005-08-14 16:16:42,651.595,88.548,Activé,Courant,5002351510187796,10000,,,53,348
360,2001-01-21 03:33:26,435.718,40.543,Bloqué,Courant,5010127506408960,1000,,,,284
361,2002-12-15 04:23:10,62.987,28.94,Bloqué,Courant,5007664284301590,50000,,,65,198
362,2003-04-07 00:54:08,423.993,75.44,Activé,Courant,5010123643061150,10000,,,46,129
363,2000-11-18 19:46:05,205.907,72.675,Activé,Courant,5007663935935053,1000,,,,372
364,2002-03-24 18:07:37,85.556,25.888,Bloqué,Courant,5002356123681358,10000,,,,150
365,2002-06-02 20:43:03,578.441,70.209,Bloqué,Courant,5007669386205508,1000,,,,68
366,2003-10-11 08:48:11,774.849,13.216,Activé,Courant,5010123642917683,5000,,,44,500
367,2002-10-12 13:00:05,507.321,40.52,Activé,Courant,5002359323797776,1000,,,,266
368,2004-05-17 05:33:32,540.395,14.577,Bloqué,Courant,5010128250851520,50000,,,,19
369,2002-10-24 12:50:23,180.181,70.921,Bloqué,Courant,5002358288180697,50000,,,31,237
370,2002-11-25 16:34:01,549.179,5.316,Bloqué,Courant,5007662723114400,5000,,,,522
371,2003-09-04 17:39:21,774.095,2.064,Activé,Courant,5010124707029695,50000,,,64,487
372,2001-04-14 14:31:59,795.49,42.877,Activé,Courant,5002350161501776,1000,,,,71
373,2005-02-04 11:04:26,510.296,4.77,Bloqué,Courant,5002353711345975,50000,,,,251
374,2002-10-14 00:48:12,615.146,58.081,Bloqué,Courant,5010127151266119,10000,,,66,364
375,2004-03-21 18:57:44,40.333,45.903,Bloqué,Courant,5007665707898682,10000,,,83,472
376,2006-01-24 09:58:40,123.633,28.372,Bloqué,Courant,5007664985345862,1000,,,,131
377,2000-08-09 22:12:33,410.673,77.162,Activé,Courant,5010121968291659,10000,,,17,62
378,2003-08-20 19:12:45,370.154,62.358,Activé,Courant,5010125863072684,1000,,,,257
379,2005-10-19 10:44:14,649.112,82.741,Bloqué,Courant,5007668327004582,1000,,,4,308
380,2000-06-02 09:18:53,28.094,43.537,Activé,Courant,5007665289468219,50000,,,,81
381,2006-04-02 05:41:57,493.323,44.031,Bloqué,Courant,5002359295041062,1000,,,53,190
382,2003-10-27 19:43:49,578.442,63.418,Bloqué,Courant,5010126648559607,5000,,,,406
383,2003-03-19 18:46:52,791.506,25.122,Bloqué,Courant,5010121290555359,50000,,,12,344
384,2005-04-23 06:48:48,710.391,19.028,Bloqué,Courant,5002352678326234,1000,,,69,152
385,2004-07-27 14:56:14,14.718,27.223,Activé,Courant,5007663143537501,1000,,,49,166
386,2006-01-06 15:02:46,677.333,44.326,Bloqué,Courant,5002354804741278,1000,,,14,58
387,2001-12-18 11:00:50,683.997,63.674,Bloqué,Courant,5002357115665110,50000,,,,104
388,2002-01-08 08:49:49,590.064,47.555,Activé,Courant,5007668850286853,10000,,,,226
389,2004-07-17 23:08:46,48.52,86.908,Activé,Courant,5007665245001013,5000,,,,302
390,2001-06-23 07:50:14,149.87,12.26,Bloqué,Courant,5002350480926043,50000,,,,76
391,2001-08-07 21:28:02,471.761,11.044,Bloqué,Courant,5007664309942337,50000,,,,246
392,2001-06-01 20:37:35,381.988,59.895,Activé,Courant,5007668325634364,50000,,,,346
393,2000-06-18 04:53:21,416.816,7.28,Bloqué,Courant,5007662354154204,5000,,,,50
394,2002-11-14 13:58:52,531.755,58.899,Activé,Courant,5002350557070428,10000,,,26,493
395,2006-02-02 11:11:36,226.175,18.443,Bloqué,Courant,5007664811698336,5000,,,10,98
396,2006-04-19 06:06:42,632.083,38.911,Activé,Courant,5010125549660423,5000,,,,118
397,2003-11-14 21:55:02,48.729,78.658,Bloqué,Courant,5007668520168135,5000,,,8,297
398,2002-11-01 08:11:57,710.745,95.677,Bloqué,Courant,5002356950218159,1000,,,65,49
399,2004-10-30 23:10:06,189.119,82.323,Bloqué,Courant,5010127607438361,1000,,,78,446
400,2002-10-02 01:41:34,775.694,70.865,Activé,Courant,5002353772203667,10000,,,73,301
1,2003-02-25 11:55:34,94185.973,60.882,Activé,Courant,5002355473485410,5000,,,,354
2,2005-12-22 08:03:14,76405.334,66.76,Activé,Courant,5007662100371680,50000,,,,169
3,2003-01-16 13:14:50,51188.929,33.266,Activé,Courant,5007660273260326,10000,,,37,19
4,2006-02-27 20:59:28,96597.037,6.802,Activé,Courant,5002350084053293,5000,,,92,324
5,2001-10-16 12:42:38,22131.539,69.736,Activé,Courant,5010120310496412,5000,,,,367
6,2004-11-03 17:53:39,97617.177,90.224,Activé,Courant,5002357756503125,5000,,,71,213
7,2004-05-08 00:36:45,95270.665,67.858,Activé,Courant,5010120249822829,50000,,,,388
8,2000-08-28 15:05:11,42159.507,8.555,Bloqué,Courant,5010126827696329,10000,,,,274
9,2005-11-11 20:03:30,32338.084,44.199,Bloqué,Courant,5002351715944587,5000,,,,29
10,2002-10-13 11:22:35,95428.7,49.714,Activé,Courant,5010126444870141,10000,,,,445
11,2001-10-14 18:03:21,98905.511,23.76,Bloqué,Courant,5002359986918636,10000,,,81,467
12,2001-04-20 04:09:35,6925.288,11.564,Bloqué,Courant,5002355413643896,50000,,,,270
13,2004-12-26 13:48:26,83899.53,47.592,Bloqué,Courant,5007669026493241,10000,,,21,367
14,2001-03-05 23:43:16,59624.511,30.276,Activé,Courant,5010127946244843,50000,,,,59
15,2003-12-13 09:01:56,26095.579,66.519,Activé,Courant,5010121079242237,50000,,,,212
16,2005-06-09 08:08:04,9341.059,12.444,Activé,Courant,5010125398167728,1000,,,,12
17,2004-09-22 16:34:05,99448.348,91.857,Bloqué,Courant,5007666897569182,1000,,,43,102
18,2004-01-29 19:29:34,10454.44,6.729,Bloqué,Courant,5010125154044111,50000,,,,328
19,2005-08-16 06:43:38,71769.234,55.084,Activé,Courant,5002350446916484,1000,,,12,9
20,2002-04-06 02:44:09,32510.971,55.434,Bloqué,Courant,5010125806837441,50000,,,,363
21,2005-08-01 00:08:12,37814.592,18.479,Bloqué,Courant,5010126654636745,50000,,,72,91
22,2006-01-16 18:12:17,47839.143,42.437,Bloqué,Courant,5010123084636080,10000,,,16,295
23,2002-04-18 12:08:22,60599.242,21.996,Activé,Courant,5002355628581204,5000,,,78,305
24,2004-04-21 11:08:49,69078.928,6.356,Bloqué,Courant,5010123406549565,50000,,,,268
25,2003-09-03 03:49:11,84591.55,24.94,Activé,Courant,5002354704025921,5000,,,,431
26,2005-09-25 05:57:52,45629.292,86.927,Activé,Courant,5002353555996347,10000,,,,343
27,2002-08-06 04:40:36,32125.977,57.16,Activé,Courant,5007664857663525,1000,,,37,230
28,2006-01-12 04:18:52,51113.213,22.56,Activé,Courant,5007664628738622,5000,,,,188
29,2001-08-27 13:45:48,4406.267,62.997,Activé,Courant,5002351184606535,5000,,,,348
30,2004-05-07 11:04:00,63573.467,66.623,Bloqué,Courant,5007663381063061,50000,,,,420
31,2000-08-08 06:23:04,83984.805,55.151,Bloqué,Courant,5002351772236877,10000,,,28,194
32,2005-03-05 16:03:09,5365.779,36.086,Activé,Courant,5007664038353657,50000,,,,133
33,2001-12-26 09:04:28,91610.657,21.883,Activé,Courant,5007664634614932,5000,,,30,285
34,2001-08-30 14:56:51,87232.51,33.025,Bloqué,Courant,5007668183685581,10000,,,78,264
35,2004-11-15 02:31:36,17961.0,83.528,Activé,Courant,5010127095414890,50000,,,1,118
36,2001-03-10 17:54:54,77743.541,67.869,Bloqué,Courant,5002358681813712,1000,,,44,438
37,2005-09-23 11:53:52,63132.808,3.003,Bloqué,Courant,5010124638933403,1000,,,,166
38,2004-12-25 09:32:17,39335.238,6.314,Bloqué,Courant,5002356799552081,1000,,,,492
39,2006-01-11 14:51:25,15787.844,13.344,Activé,Courant,5007664822749375,5000,,,88,159
40,2002-12-07 03:12:40,21831.274,15.175,Bloqué,Courant,5002355183521629,5000,,,,392
41,2004-02-26 10:51:27,86312.365,9.692,Activé,Courant,5010127532842562,10000,,,77,181
42,2002-07-18 01:17:54,4818.629,95.776,Bloqué,Courant,5002356450848414,50000,,,69,307
43,2005-09-05 16:25:55,92665.102,74.39,Bloqué,Courant,5002354570802494,10000,,,,302
44,2005-08-30 18:19:20,79667.387,44.374,Bloqué,Courant,5010125639628918,50000,,,,19
45,2001-04-19 04:36:10,69825.696,14.893,Bloqué,Courant,5002355687428560,1000,,,92,473
46,2004-11-06 19:11:04,65885.386,13.581,Activé,Courant,5007668150504674,50000,,,96,104
47,2003-03-03 18:53:31,58277.494,89.028,Activé,Courant,5007662310294268,5000,,,,341
48,2004-07-19 09:24:06,23681.192,69.498,Activé,Courant,5010125916850375,50000,,,,250
49,2003-10-05 06:02:03,82672.146,75.267,Activé,Courant,5007664381008650,1000,,,,15
50,2003-04-11 04:26:37,22033.495,20.648,Bloqué,Courant,5007660485730223,1000,,,3,37
51,2005-01-31 16:00:01,19489.876,40.848,Bloqué,Courant,5007664469798032,10000,,,1,493
52,2000-09-17 20:12:18,73982.264,23.134,Bloqué,Courant,5007668411928035,5000,,,98,483
53,2000-10-30 00:30:22,58522.812,59.785,Bloqué,Courant,5007662599865598,1000,,,48,126
54,2004-12-24 09:48:26,4717.456,55.099,Bloqué,Courant,5007665261380879,10000,,,95,437
55,2005-10-25 22:24:27,56223.138,43.58,Activé,Courant,5007665698956044,50000,,,98,72
56,2000-06-17 23:03:42,13296.538,74.345,Activé,Courant,5010126275664050,1000,,,,175
57,2004-01-09 07:46:35,47969.23,25.904,Activé,Courant,5002351871713636,50000,,,84,367
58,2005-08-14 09:23:11,92705.145,32.898,Activé,Courant,5002352524246883,10000,,,79,463
59,2005-04-08 07:10:59,80427.818,35.008,Activé,Courant,5002355009246740,5000,,,,223
60,2003-11-06 09:41:33,32702.652,56.548,Bloqué,Courant,5002357371526907,10000,,,,349
61,2004-02-26 18:35:32,84729.516,6.298,Activé,Courant,5010125944808080,10000,,,,245
62,2002-06-29 03:49:05,45577.259,82.247,Activé,Courant,5002352686568967,10000,,,,155
63,2003-02-20 17:55:22,88287.152,25.164,Activé,Courant,5010127245702897,1000,,,18,69
64,2005-03-11 01:03:46,26847.045,91.663,Bloqué,Courant,5002353178563490,10000,,,92,91
65,2002-04-30 03:22:48,66454.719,80.661,Bloqué,Courant,5002350212972547,10000,,,,275
66,2002-02-26 17:55:02,76314.498,13.823,Activé,Courant,5007661177837029,10000,,,4,274
67,2003-07-13 02:14:12,54628.561,45.63,Bloqué,Courant,5002353734545635,50000,,,4,75
68,2003-04-11 08:41:51,72548.87,38.354,Activé,Courant,5007668846820807,1000,,,57,7
69,2004-03-08 13:47:47,45958.777,85.63,Bloqué,Courant,5007660092618035,1000,,,,442
70,2004-02-20 06:48:30,50251.459,32.219,Activé,Courant,5010123468021578,1000,,,6,108
71,2005-01-03 00:24:15,1120.66,29.948,Bloqué,Courant,5002358615040283,1000,,,7,528
72,2006-03-13 09:17:32,81419.274,42.669,Bloqué,Courant,5002351885976369,1000,,,26,502
73,2004-02-22 16:34:18,19732.552,15.658,Bloqué,Courant,5010126679910612,1000,,,,28
74,2001-12-14 13:29:38,59681.611,14.024,Activé,Courant,5010129643413648,50000,,,,129
75,2005-10-22 16:49:25,17986.015,68.502,Activé,Courant,5010124466657801,50000,,,36,515
76,2003-04-24 07:39:08,21903.06,18.262,Activé,Courant,5002354176580486,10000,,,15,426
77,2005-03-28 11:16:28,97376.596,76.287,Activé,Courant,5007664683573476,50000,,,65,294
78,2005-07-05 23:38:35,18291.714,67.364,Bloqué,Courant,5007668814714685,5000,,,75,230
79,2002-04-07 01:32:59,69963.667,26.468,Bloqué,Courant,5007663345136805,50000,,,,147
80,2001-02-03 06:30:40,58905.993,67.09,Activé,Courant,5002353522484328,10000,,,87,422
81,2004-10-09 11:41:54,9602.061,70.027,Activé,Courant,5007666675947824,50000,,,,322
82,2001-07-24 20:33:46,52817.183,61.842,Activé,Courant,5010127366397451,5000,,,86,46
83,2004-10-29 09:32:56,39425.153,30.886,Activé,Courant,5010128926744372,1000,,,,507
84,2005-08-23 08:58:43,39930.902,34.324,Bloqué,Courant,5010125801297609,10000,,,39,395
85,2002-02-15 19:42:44,83151.186,22.978,Bloqué,Courant,5010121323987181,1000,,,,110
86,2005-10-22 16:18:13,23157.065,99.351,Activé,Courant,5010122725090707,1000,,,9,201
87,2002-06-27 08:59:09,76769.004,12.107,Bloqué,Courant,5002353490745460,5000,,,57,105
88,2003-07-03 17:33:57,34787.498,19.983,Bloqué,Courant,5010125336951159,50000,,,,216
89,2001-10-19 20:29:58,57056.864,22.132,Activé,Courant,5010121744042657,5000,,,,36
90,2004-11-06 12:30:20,60165.345,4.987,Bloqué,Courant,5007662917843111,5000,,,,438
91,2001-04-09 05:20:45,24426.484,62.752,Activé,Courant,5010129882884764,50000,,,,313
92,2000-08-10 07:26:08,32288.862,82.674,Bloqué,Courant,5007666193586641,5000,,,65,98
93,2001-01-18 01:04:24,17953.333,87.857,Bloqué,Courant,5010120832937240,10000,,,63,101
94,2004-06-29 06:50:25,67626.719,75.032,Activé,Courant,5010123902913398,5000,,,23,518
95,2003-02-17 02:00:39,48181.663,12.542,Activé,Courant,5007664886368104,5000,,,33,439
96,2006-04-07 11:51:38,27702.68,26.549,Activé,Courant,5007664141718374,10000,,,54,492
97,2003-06-03 03:13:24,96563.81,84.771,Activé,Courant,5007661800760580,50000,,,96,54
98,2003-09-05 06:04:47,23185.793,31.871,Bloqué,Courant,5007667646409688,5000,,,91,483
99,2004-04-21 11:56:50,23272.021,87.748,Bloqué,Courant,5010120654228629,1000,,,,161
100,2000-12-01 13:25:10,98476.035,95.848,Bloqué,Courant,5010120584733136,50000,,,86,355
